<?xml version="1.0" encoding="UTF-8" ?>
<!DOCTYPE mapper
  PUBLIC "-//mybatis.org//DTD Mapper 3.0//EN"
  "http://mybatis.org/dtd/mybatis-3-mapper.dtd">

<mapper namespace="dao.ProductoDetalleMapper">

    <resultMap id="ProductoDetalleMap" type="models.ProductoDetalle">
	    <id column="id_producto_imagen" property="idProductoImagen"/>
	    <result column="id_producto" property="idProducto"/>
	    <result column="id_marca" property="idMarca"/>
	    <result column="id_proveedor" property="idProveedor"/>
	    <result column="codigo_interno" property="codigoInterno"/>
	    <result column="nombre_producto" property="nombre"/>
	    <result column="descripcion" property="descripcion"/>
	    <result column="modelo" property="modelo"/>
	    <result column="precio" property="precio"/>
	    <result column="stock" property="stock"/>
	    <result column="fecha_creacion" property="fechaCreacion"/>
	    <result column="imagen_url" property="imagenUrl"/>
	    <result column="nombre_marca" property="nombreMarca"/>
	    <result column="nombre_proveedor" property="nombreProveedor"/>
	</resultMap>
	
	<select id="listarProductosDetalle" parameterType="int" resultMap="ProductoDetalleMap">
	    SELECT 
	        pi.id_producto_imagen,
	        p.id_producto, 
	        p.id_marca, 
	        p.id_proveedor, 
	        p.codigo_interno,
	        p.nombre AS nombre_producto, 
	        p.descripcion,
	        p.modelo,
	        p.precio,
	        p.stock,
	        pi.fecha_creacion AS fecha_creacion,
	        pi.imagen_url, 
	        m.nombre AS nombre_marca, 
	        pr.nombres AS nombre_proveedor
	    FROM productos p
	    INNER JOIN marcas m ON p.id_marca = m.id_marca
	    INNER JOIN proveedores pr ON p.id_proveedor = pr.id_proveedor
	    INNER JOIN producto_imagenes pi ON p.id_producto = pi.id_producto
	    WHERE pi.id_producto = #{idProducto}
	</select>


</mapper>

