<?xml version="1.0" encoding="UTF-8"?>
<!DOCTYPE configuration
  PUBLIC "-//mybatis.org//DTD Config 3.0//EN"
  "http://mybatis.org/dtd/mybatis-3-config.dtd">

<configuration>
	<!-- CONEXION CON LA BASE DE DATOS -->
    <environments default="development">
        <environment id="development">
            <transactionManager type="JDBC"/>
            <dataSource type="UNPOOLED">
                <property name="driver" value="org.postgresql.Driver"/>
                <property name="url" value="jdbc:postgresql://localhost:5432/BD_GALACTUS_STORE"/>
                <property name="username" value="postgres"/>
                <property name="password" value="root"/>
            </dataSource>
        </environment>
    </environments>


	<!-- RUTA DE OTROS ARCHIVOS XML PARA MYBATIS -->
    <mappers>
        <!-- Para usar el XML, se referencia con 'resource' -->
        <mapper resource="dao/CategoriaMapper.xml"/>
        <mapper resource="dao/SubcategoriaMapper.xml"/>
        <mapper resource="dao/ProductoMapper.xml"/>
        <mapper resource="dao/ProductoDetalleMapper.xml"/>
    </mappers>
</configuration>